{
  "experiment_id": "fullkvcache_hotpotqa_kv2048_bs4_rep2_20250617_174219",
  "timestamp": "2025-06-17T17:44:04.749373",
  "performance": {
    "success": true,
    "ttft_ms": 7797.636985778809,
    "tpot_ms": 1366.2054052158278,
    "throughput_tokens_per_sec": 0.6689616630132162,
    "total_time_sec": 74.7426986694336,
    "tokens_generated": 50,
    "model_name": "C:/Users/JerryGanst/mistral_models/7B-Instruct-v0.3",
    "precision": "fp16",
    "batch_size": 4,
    "kv_cache_length": 2048,
    "max_new_tokens": 50,
    "use_fullkvcache": true,
    "dataset": "hotpotqa",
    "repetition": 2
  },
  "gpu": {
    "total_devices": 1,
    "device_0": {
      "peak_memory_mb": 11820.8154296875,
      "average_memory_mb": 10992.87009656627,
      "sample_count": 663
    },
    "total_peak_memory_mb": 11820.8154296875
  },
  "system": {
    "peak_cpu_percent": 14.9,
    "average_cpu_percent": 5.937837837837837,
    "peak_memory_percent": 42.1,
    "peak_memory_used_gb": 26.8712158203125,
    "sample_count": 74
  },
  "monitoring_duration": 74.79636764526367
}