{
  "experiment_id": "fullkvcache_hotpotqa_kv256_bs4_rep1_20250617_170324",
  "timestamp": "2025-06-17T17:04:50.773999",
  "performance": {
    "success": true,
    "ttft_ms": 2850.123882293701,
    "tpot_ms": 1306.7882790857432,
    "throughput_tokens_per_sec": 0.7475657821257707,
    "total_time_sec": 66.88374614715576,
    "tokens_generated": 50,
    "model_name": "C:/Users/JerryGanst/mistral_models/7B-Instruct-v0.3",
    "precision": "fp16",
    "batch_size": 4,
    "kv_cache_length": 256,
    "max_new_tokens": 50,
    "use_fullkvcache": true,
    "dataset": "hotpotqa",
    "repetition": 1
  },
  "gpu": {
    "total_devices": 1,
    "device_0": {
      "peak_memory_mb": 10499.43896484375,
      "average_memory_mb": 10086.909181331544,
      "sample_count": 594
    },
    "total_peak_memory_mb": 10499.43896484375
  },
  "system": {
    "peak_cpu_percent": 14.3,
    "average_cpu_percent": 5.943939393939394,
    "peak_memory_percent": 44.0,
    "peak_memory_used_gb": 28.100143432617188,
    "sample_count": 66
  },
  "monitoring_duration": 66.93038392066956
}