{
  "experiment_id": "fullkvcache_hotpotqa_kv128_bs1_rep0_20250612_222521",
  "timestamp": "2025-06-12T22:25:59.030980",
  "performance": {
    "success": true,
    "ttft_ms": 1581.4893245697021,
    "tpot_ms": 1482.7736748589411,
    "throughput_tokens_per_sec": 0.6699066780941844,
    "total_time_sec": 14.927452325820923,
    "tokens_generated": 10,
    "model_name": "C:/Users/JerryGanst/mistral_models/7B-Instruct-v0.3",
    "precision": "fp16",
    "batch_size": 1,
    "kv_cache_length": 128,
    "max_new_tokens": 10,
    "use_fullkvcache": true,
    "dataset": "hotpotqa",
    "repetition": 0
  },
  "gpu": {
    "total_devices": 1,
    "device_0": {
      "peak_memory_mb": 10361.75341796875,
      "average_memory_mb": 9959.07330459939,
      "sample_count": 133
    },
    "total_peak_memory_mb": 10361.75341796875
  },
  "system": {
    "peak_cpu_percent": 15.6,
    "average_cpu_percent": 9.020000000000001,
    "peak_memory_percent": 47.0,
    "peak_memory_used_gb": 30.027557373046875,
    "sample_count": 15
  },
  "monitoring_duration": 14.954494714736938
}