{
  "experiment_id": "fullkvcache_hotpotqa_kv1024_bs4_rep2_20250617_173723",
  "timestamp": "2025-06-17T17:39:01.827091",
  "performance": {
    "success": true,
    "ttft_ms": 2609.947681427002,
    "tpot_ms": 1357.8496806475582,
    "throughput_tokens_per_sec": 0.7231224563050099,
    "total_time_sec": 69.14458203315735,
    "tokens_generated": 50,
    "model_name": "C:/Users/JerryGanst/mistral_models/7B-Instruct-v0.3",
    "precision": "fp16",
    "batch_size": 4,
    "kv_cache_length": 1024,
    "max_new_tokens": 50,
    "use_fullkvcache": true,
    "dataset": "hotpotqa",
    "repetition": 2
  },
  "gpu": {
    "total_devices": 1,
    "device_0": {
      "peak_memory_mb": 10888.6513671875,
      "average_memory_mb": 10475.759452297943,
      "sample_count": 614
    },
    "total_peak_memory_mb": 10888.6513671875
  },
  "system": {
    "peak_cpu_percent": 9.3,
    "average_cpu_percent": 5.749999999999999,
    "peak_memory_percent": 42.9,
    "peak_memory_used_gb": 27.384952545166016,
    "sample_count": 68
  },
  "monitoring_duration": 69.19035315513611
}