{
  "experiment_id": "fullkvcache_hotpotqa_kv512_bs4_rep0_20250617_164233",
  "timestamp": "2025-06-17T16:44:09.009612",
  "performance": {
    "success": true,
    "ttft_ms": 2342.0464992523193,
    "tpot_ms": 1433.4116176683076,
    "throughput_tokens_per_sec": 0.688902456068036,
    "total_time_sec": 72.57921576499939,
    "tokens_generated": 50,
    "model_name": "C:/Users/JerryGanst/mistral_models/7B-Instruct-v0.3",
    "precision": "fp16",
    "batch_size": 4,
    "kv_cache_length": 512,
    "max_new_tokens": 50,
    "use_fullkvcache": true,
    "dataset": "hotpotqa",
    "repetition": 0
  },
  "gpu": {
    "total_devices": 1,
    "device_0": {
      "peak_memory_mb": 10633.11865234375,
      "average_memory_mb": 10222.369821029355,
      "sample_count": 643
    },
    "total_peak_memory_mb": 10633.11865234375
  },
  "system": {
    "peak_cpu_percent": 26.7,
    "average_cpu_percent": 9.281944444444443,
    "peak_memory_percent": 45.8,
    "peak_memory_used_gb": 29.222118377685547,
    "sample_count": 72
  },
  "monitoring_duration": 72.59316897392273
}