{
  "experiment_id": "fullkvcache_hotpotqa_kv512_bs1_rep0_20250617_164058",
  "timestamp": "2025-06-17T16:42:32.968624",
  "performance": {
    "success": true,
    "ttft_ms": 1527.237892150879,
    "tpot_ms": 1412.633214678083,
    "throughput_tokens_per_sec": 0.7067411315404218,
    "total_time_sec": 70.7472620010376,
    "tokens_generated": 50,
    "model_name": "C:/Users/JerryGanst/mistral_models/7B-Instruct-v0.3",
    "precision": "fp16",
    "batch_size": 1,
    "kv_cache_length": 512,
    "max_new_tokens": 50,
    "use_fullkvcache": true,
    "dataset": "hotpotqa",
    "repetition": 0
  },
  "gpu": {
    "total_devices": 1,
    "device_0": {
      "peak_memory_mb": 10432.52001953125,
      "average_memory_mb": 10030.4957807492,
      "sample_count": 624
    },
    "total_peak_memory_mb": 10432.52001953125
  },
  "system": {
    "peak_cpu_percent": 100.0,
    "average_cpu_percent": 13.677142857142854,
    "peak_memory_percent": 44.5,
    "peak_memory_used_gb": 28.37818145751953,
    "sample_count": 70
  },
  "monitoring_duration": 70.78915238380432
}