{
  "experiment_id": "fullkvcache_hotpotqa_kv2048_bs8_rep1_20250617_171931",
  "timestamp": "2025-06-17T17:22:40.426233",
  "performance": {
    "success": true,
    "ttft_ms": 40493.87335777283,
    "tpot_ms": 2033.8074479784284,
    "throughput_tokens_per_sec": 0.3567569610418538,
    "total_time_sec": 140.15143489837646,
    "tokens_generated": 50,
    "model_name": "C:/Users/JerryGanst/mistral_models/7B-Instruct-v0.3",
    "precision": "fp16",
    "batch_size": 8,
    "kv_cache_length": 2048,
    "max_new_tokens": 50,
    "use_fullkvcache": true,
    "dataset": "hotpotqa",
    "repetition": 1
  },
  "gpu": {
    "total_devices": 1,
    "device_0": {
      "peak_memory_mb": 13809.1279296875,
      "average_memory_mb": 12120.37832872572,
      "sample_count": 1242
    },
    "total_peak_memory_mb": 13809.1279296875
  },
  "system": {
    "peak_cpu_percent": 81.7,
    "average_cpu_percent": 6.1869565217391305,
    "peak_memory_percent": 44.3,
    "peak_memory_used_gb": 28.287994384765625,
    "sample_count": 138
  },
  "monitoring_duration": 140.20344924926758
}