{
  "experiment_id": "fullkvcache_hotpotqa_kv512_bs8_rep0_20250617_164409",
  "timestamp": "2025-06-17T16:45:56.962098",
  "performance": {
    "success": true,
    "ttft_ms": 3085.5164527893066,
    "tpot_ms": 1524.1404942103795,
    "throughput_tokens_per_sec": 0.6429264159056254,
    "total_time_sec": 77.76939749717712,
    "tokens_generated": 50,
    "model_name": "C:/Users/JerryGanst/mistral_models/7B-Instruct-v0.3",
    "precision": "fp16",
    "batch_size": 8,
    "kv_cache_length": 512,
    "max_new_tokens": 50,
    "use_fullkvcache": true,
    "dataset": "hotpotqa",
    "repetition": 0
  },
  "gpu": {
    "total_devices": 1,
    "device_0": {
      "peak_memory_mb": 10909.52783203125,
      "average_memory_mb": 10490.994038574927,
      "sample_count": 689
    },
    "total_peak_memory_mb": 10909.52783203125
  },
  "system": {
    "peak_cpu_percent": 27.0,
    "average_cpu_percent": 10.6012987012987,
    "peak_memory_percent": 46.7,
    "peak_memory_used_gb": 29.80438232421875,
    "sample_count": 77
  },
  "monitoring_duration": 77.79513835906982
}