{
  "experiment_id": "fullkvcache_hotpotqa_kv1024_bs8_rep0_20250617_164903",
  "timestamp": "2025-06-17T16:51:10.679388",
  "performance": {
    "success": true,
    "ttft_ms": 8877.044439315796,
    "tpot_ms": 1738.8263478571055,
    "throughput_tokens_per_sec": 0.5314595766451004,
    "total_time_sec": 94.08053255081177,
    "tokens_generated": 50,
    "model_name": "C:/Users/JerryGanst/mistral_models/7B-Instruct-v0.3",
    "precision": "fp16",
    "batch_size": 8,
    "kv_cache_length": 1024,
    "max_new_tokens": 50,
    "use_fullkvcache": true,
    "dataset": "hotpotqa",
    "repetition": 0
  },
  "gpu": {
    "total_devices": 1,
    "device_0": {
      "peak_memory_mb": 11804.8076171875,
      "average_memory_mb": 11017.384448300734,
      "sample_count": 834
    },
    "total_peak_memory_mb": 11804.8076171875
  },
  "system": {
    "peak_cpu_percent": 15.9,
    "average_cpu_percent": 6.07956989247312,
    "peak_memory_percent": 44.6,
    "peak_memory_used_gb": 28.49248504638672,
    "sample_count": 93
  },
  "monitoring_duration": 94.0924928188324
}