{
  "experiment_id": "fullkvcache_hotpotqa_kv128_bs8_rep2_20250617_172532",
  "timestamp": "2025-06-17T17:27:00.463036",
  "performance": {
    "success": true,
    "ttft_ms": 3166.2826538085938,
    "tpot_ms": 1323.6141010206572,
    "throughput_tokens_per_sec": 0.7350414622363209,
    "total_time_sec": 68.0233736038208,
    "tokens_generated": 50,
    "model_name": "C:/Users/JerryGanst/mistral_models/7B-Instruct-v0.3",
    "precision": "fp16",
    "batch_size": 8,
    "kv_cache_length": 128,
    "max_new_tokens": 50,
    "use_fullkvcache": true,
    "dataset": "hotpotqa",
    "repetition": 2
  },
  "gpu": {
    "total_devices": 1,
    "device_0": {
      "peak_memory_mb": 10530.48876953125,
      "average_memory_mb": 10094.344120057265,
      "sample_count": 603
    },
    "total_peak_memory_mb": 10530.48876953125
  },
  "system": {
    "peak_cpu_percent": 10.1,
    "average_cpu_percent": 5.786567164179104,
    "peak_memory_percent": 43.7,
    "peak_memory_used_gb": 27.90640640258789,
    "sample_count": 67
  },
  "monitoring_duration": 68.04732751846313
}