{
  "experiment_id": "fullkvcache_hotpotqa_kv256_bs8_rep1_20250617_170451",
  "timestamp": "2025-06-17T17:06:23.954053",
  "performance": {
    "success": true,
    "ttft_ms": 3603.0285358428955,
    "tpot_ms": 1361.5074109057991,
    "throughput_tokens_per_sec": 0.7110566206881118,
    "total_time_sec": 70.3178882598877,
    "tokens_generated": 50,
    "model_name": "C:/Users/JerryGanst/mistral_models/7B-Instruct-v0.3",
    "precision": "fp16",
    "batch_size": 8,
    "kv_cache_length": 256,
    "max_new_tokens": 50,
    "use_fullkvcache": true,
    "dataset": "hotpotqa",
    "repetition": 1
  },
  "gpu": {
    "total_devices": 1,
    "device_0": {
      "peak_memory_mb": 10658.13720703125,
      "average_memory_mb": 10233.967200510384,
      "sample_count": 623
    },
    "total_peak_memory_mb": 10658.13720703125
  },
  "system": {
    "peak_cpu_percent": 51.4,
    "average_cpu_percent": 6.472857142857144,
    "peak_memory_percent": 44.7,
    "peak_memory_used_gb": 28.503158569335938,
    "sample_count": 70
  },
  "monitoring_duration": 70.35476589202881
}