{
  "experiment_id": "fullkvcache_hotpotqa_kv2048_bs8_rep0_20250617_165433",
  "timestamp": "2025-06-17T16:57:42.632921",
  "performance": {
    "success": true,
    "ttft_ms": 38320.15585899353,
    "tpot_ms": 2048.9045843786125,
    "throughput_tokens_per_sec": 0.36044484903618534,
    "total_time_sec": 138.7174768447876,
    "tokens_generated": 50,
    "model_name": "C:/Users/JerryGanst/mistral_models/7B-Instruct-v0.3",
    "precision": "fp16",
    "batch_size": 8,
    "kv_cache_length": 2048,
    "max_new_tokens": 50,
    "use_fullkvcache": true,
    "dataset": "hotpotqa",
    "repetition": 0
  },
  "gpu": {
    "total_devices": 1,
    "device_0": {
      "peak_memory_mb": 13809.1279296875,
      "average_memory_mb": 12100.378048082792,
      "sample_count": 1229
    },
    "total_peak_memory_mb": 13809.1279296875
  },
  "system": {
    "peak_cpu_percent": 14.6,
    "average_cpu_percent": 5.621897810218978,
    "peak_memory_percent": 44.0,
    "peak_memory_used_gb": 28.073810577392578,
    "sample_count": 137
  },
  "monitoring_duration": 138.77340364456177
}