{
  "experiment_id": "fullkvcache_hotpotqa_kv128_bs4_rep2_20250617_172404",
  "timestamp": "2025-06-17T17:25:32.327652",
  "performance": {
    "success": true,
    "ttft_ms": 3971.666097640991,
    "tpot_ms": 1309.9979867740553,
    "throughput_tokens_per_sec": 0.7335340715854208,
    "total_time_sec": 68.16315960884094,
    "tokens_generated": 50,
    "model_name": "C:/Users/JerryGanst/mistral_models/7B-Instruct-v0.3",
    "precision": "fp16",
    "batch_size": 4,
    "kv_cache_length": 128,
    "max_new_tokens": 50,
    "use_fullkvcache": true,
    "dataset": "hotpotqa",
    "repetition": 2
  },
  "gpu": {
    "total_devices": 1,
    "device_0": {
      "peak_memory_mb": 10435.15380859375,
      "average_memory_mb": 10024.879248450414,
      "sample_count": 605
    },
    "total_peak_memory_mb": 10435.15380859375
  },
  "system": {
    "peak_cpu_percent": 9.6,
    "average_cpu_percent": 5.813235294117648,
    "peak_memory_percent": 44.3,
    "peak_memory_used_gb": 28.306930541992188,
    "sample_count": 68
  },
  "monitoring_duration": 68.31721901893616
}