{
  "experiment_id": "fullkvcache_hotpotqa_kv256_bs8_rep0_20250617_163915",
  "timestamp": "2025-06-17T16:40:58.122226",
  "performance": {
    "success": true,
    "ttft_ms": 3485.1160049438477,
    "tpot_ms": 1567.4238788838288,
    "throughput_tokens_per_sec": 0.6227434664877255,
    "total_time_sec": 80.28988289833069,
    "tokens_generated": 50,
    "model_name": "C:/Users/JerryGanst/mistral_models/7B-Instruct-v0.3",
    "precision": "fp16",
    "batch_size": 8,
    "kv_cache_length": 256,
    "max_new_tokens": 50,
    "use_fullkvcache": true,
    "dataset": "hotpotqa",
    "repetition": 0
  },
  "gpu": {
    "total_devices": 1,
    "device_0": {
      "peak_memory_mb": 10658.13720703125,
      "average_memory_mb": 10237.03194470352,
      "sample_count": 712
    },
    "total_peak_memory_mb": 10658.13720703125
  },
  "system": {
    "peak_cpu_percent": 28.5,
    "average_cpu_percent": 9.575949367088608,
    "peak_memory_percent": 45.6,
    "peak_memory_used_gb": 29.074867248535156,
    "sample_count": 79
  },
  "monitoring_duration": 80.29985022544861
}