{
  "experiment_id": "fullkvcache_hotpotqa_kv128_bs4_rep1_20250617_165906",
  "timestamp": "2025-06-17T17:00:33.118298",
  "performance": {
    "success": true,
    "ttft_ms": 4096.663951873779,
    "tpot_ms": 1304.3445081126933,
    "throughput_tokens_per_sec": 0.7351801517428755,
    "total_time_sec": 68.01054120063782,
    "tokens_generated": 50,
    "model_name": "C:/Users/JerryGanst/mistral_models/7B-Instruct-v0.3",
    "precision": "fp16",
    "batch_size": 4,
    "kv_cache_length": 128,
    "max_new_tokens": 50,
    "use_fullkvcache": true,
    "dataset": "hotpotqa",
    "repetition": 1
  },
  "gpu": {
    "total_devices": 1,
    "device_0": {
      "peak_memory_mb": 10435.15380859375,
      "average_memory_mb": 10029.25162112614,
      "sample_count": 603
    },
    "total_peak_memory_mb": 10435.15380859375
  },
  "system": {
    "peak_cpu_percent": 12.1,
    "average_cpu_percent": 5.946268656716418,
    "peak_memory_percent": 44.4,
    "peak_memory_used_gb": 28.317562103271484,
    "sample_count": 67
  },
  "monitoring_duration": 68.02951169013977
}