{
  "experiment_id": "fullkvcache_hotpotqa_kv2048_bs1_rep0_20250617_165111",
  "timestamp": "2025-06-17T16:52:40.701930",
  "performance": {
    "success": true,
    "ttft_ms": 2520.5588340759277,
    "tpot_ms": 1320.132080389529,
    "throughput_tokens_per_sec": 0.7439587469618876,
    "total_time_sec": 67.20802760124207,
    "tokens_generated": 50,
    "model_name": "C:/Users/JerryGanst/mistral_models/7B-Instruct-v0.3",
    "precision": "fp16",
    "batch_size": 1,
    "kv_cache_length": 2048,
    "max_new_tokens": 50,
    "use_fullkvcache": true,
    "dataset": "hotpotqa",
    "repetition": 0
  },
  "gpu": {
    "total_devices": 1,
    "device_0": {
      "peak_memory_mb": 10616.5810546875,
      "average_memory_mb": 10205.712086927171,
      "sample_count": 596
    },
    "total_peak_memory_mb": 10616.5810546875
  },
  "system": {
    "peak_cpu_percent": 11.0,
    "average_cpu_percent": 5.8149253731343284,
    "peak_memory_percent": 44.0,
    "peak_memory_used_gb": 28.111839294433594,
    "sample_count": 67
  },
  "monitoring_duration": 67.28383207321167
}