{
  "experiment_id": "fullkvcache_hotpotqa_kv128_bs4_rep0_20250617_163434",
  "timestamp": "2025-06-17T16:36:06.960842",
  "performance": {
    "success": true,
    "ttft_ms": 1847.2602367401123,
    "tpot_ms": 1442.8031055294737,
    "throughput_tokens_per_sec": 0.6892310585245297,
    "total_time_sec": 72.54461240768433,
    "tokens_generated": 50,
    "model_name": "C:/Users/JerryGanst/mistral_models/7B-Instruct-v0.3",
    "precision": "fp16",
    "batch_size": 4,
    "kv_cache_length": 128,
    "max_new_tokens": 50,
    "use_fullkvcache": true,
    "dataset": "hotpotqa",
    "repetition": 0
  },
  "gpu": {
    "total_devices": 1,
    "device_0": {
      "peak_memory_mb": 10435.15380859375,
      "average_memory_mb": 10044.563363414902,
      "sample_count": 643
    },
    "total_peak_memory_mb": 10435.15380859375
  },
  "system": {
    "peak_cpu_percent": 19.6,
    "average_cpu_percent": 9.127777777777778,
    "peak_memory_percent": 46.7,
    "peak_memory_used_gb": 29.825199127197266,
    "sample_count": 72
  },
  "monitoring_duration": 72.59691333770752
}