{
  "experiment_id": "fullkvcache_hotpotqa_kv256_bs8_rep2_20250617_172952",
  "timestamp": "2025-06-17T17:31:23.858795",
  "performance": {
    "success": true,
    "ttft_ms": 2620.868682861328,
    "tpot_ms": 1324.5829076183086,
    "throughput_tokens_per_sec": 0.7404508352147877,
    "total_time_sec": 67.52642798423767,
    "tokens_generated": 50,
    "model_name": "C:/Users/JerryGanst/mistral_models/7B-Instruct-v0.3",
    "precision": "fp16",
    "batch_size": 8,
    "kv_cache_length": 256,
    "max_new_tokens": 50,
    "use_fullkvcache": true,
    "dataset": "hotpotqa",
    "repetition": 2
  },
  "gpu": {
    "total_devices": 1,
    "device_0": {
      "peak_memory_mb": 10658.13720703125,
      "average_memory_mb": 10229.638987053198,
      "sample_count": 598
    },
    "total_peak_memory_mb": 10658.13720703125
  },
  "system": {
    "peak_cpu_percent": 95.3,
    "average_cpu_percent": 7.168656716417911,
    "peak_memory_percent": 42.7,
    "peak_memory_used_gb": 27.258827209472656,
    "sample_count": 67
  },
  "monitoring_duration": 67.5423743724823
}