{
  "experiment_id": "fullkvcache_hotpotqa_kv2048_bs8_rep2_20250617_174405",
  "timestamp": "2025-06-17T17:47:09.903938",
  "performance": {
    "success": true,
    "ttft_ms": 37993.5998916626,
    "tpot_ms": 1987.5372331969593,
    "throughput_tokens_per_sec": 0.36932007630349956,
    "total_time_sec": 135.38392090797424,
    "tokens_generated": 50,
    "model_name": "C:/Users/JerryGanst/mistral_models/7B-Instruct-v0.3",
    "precision": "fp16",
    "batch_size": 8,
    "kv_cache_length": 2048,
    "max_new_tokens": 50,
    "use_fullkvcache": true,
    "dataset": "hotpotqa",
    "repetition": 2
  },
  "gpu": {
    "total_devices": 1,
    "device_0": {
      "peak_memory_mb": 13809.1279296875,
      "average_memory_mb": 12101.892746863261,
      "sample_count": 1198
    },
    "total_peak_memory_mb": 13809.1279296875
  },
  "system": {
    "peak_cpu_percent": 100.0,
    "average_cpu_percent": 6.694776119402986,
    "peak_memory_percent": 44.4,
    "peak_memory_used_gb": 28.340316772460938,
    "sample_count": 134
  },
  "monitoring_duration": 135.4028582572937
}