{
  "experiment_id": "fullkvcache_hotpotqa_kv128_bs4_rep0_20250618_164756",
  "timestamp": "2025-06-18T16:54:40.263386",
  "performance": {
    "success": true,
    "ttft_ms": 1804.5315742492676,
    "tpot_ms": 1504.1763361762553,
    "throughput_tokens_per_sec": 0.6642957994355273,
    "total_time_sec": 385.3704934120178,
    "tokens_generated": 256,
    "model_name": "C:/Users/JerryGanst/mistral_models/7B-Instruct-v0.3",
    "precision": "fp16",
    "batch_size": 4,
    "kv_cache_length": 128,
    "max_new_tokens": 256,
    "use_fullkvcache": true,
    "dataset": "hotpotqa",
    "repetition": 0
  },
  "gpu": {
    "total_devices": 1,
    "device_0": {
      "peak_memory_mb": 10537.56396484375,
      "average_memory_mb": 10096.049706572905,
      "sample_count": 3409
    },
    "total_peak_memory_mb": 10537.56396484375
  },
  "system": {
    "peak_cpu_percent": 22.4,
    "average_cpu_percent": 9.39604221635884,
    "peak_memory_percent": 48.5,
    "peak_memory_used_gb": 30.979293823242188,
    "sample_count": 379
  },
  "monitoring_duration": 385.4124913215637
}