{
  "experiment_id": "fullkvcache_hotpotqa_kv512_bs8_rep2_20250617_173422",
  "timestamp": "2025-06-17T17:35:57.400835",
  "performance": {
    "success": true,
    "ttft_ms": 2518.3730125427246,
    "tpot_ms": 1335.885831287929,
    "throughput_tokens_per_sec": 0.7355452983008364,
    "total_time_sec": 67.97677874565125,
    "tokens_generated": 50,
    "model_name": "C:/Users/JerryGanst/mistral_models/7B-Instruct-v0.3",
    "precision": "fp16",
    "batch_size": 8,
    "kv_cache_length": 512,
    "max_new_tokens": 50,
    "use_fullkvcache": true,
    "dataset": "hotpotqa",
    "repetition": 2
  },
  "gpu": {
    "total_devices": 1,
    "device_0": {
      "peak_memory_mb": 10909.52783203125,
      "average_memory_mb": 10489.15492200456,
      "sample_count": 603
    },
    "total_peak_memory_mb": 10909.52783203125
  },
  "system": {
    "peak_cpu_percent": 14.1,
    "average_cpu_percent": 6.628358208955223,
    "peak_memory_percent": 42.3,
    "peak_memory_used_gb": 27.02975845336914,
    "sample_count": 67
  },
  "monitoring_duration": 68.00169610977173
}