{
  "experiment_id": "fullkvcache_hotpotqa_kv2048_bs1_rep2_20250617_174049",
  "timestamp": "2025-06-17T17:42:19.023298",
  "performance": {
    "success": true,
    "ttft_ms": 2330.970048904419,
    "tpot_ms": 1332.5850428367148,
    "throughput_tokens_per_sec": 0.7393427023133852,
    "total_time_sec": 67.62763714790344,
    "tokens_generated": 50,
    "model_name": "C:/Users/JerryGanst/mistral_models/7B-Instruct-v0.3",
    "precision": "fp16",
    "batch_size": 1,
    "kv_cache_length": 2048,
    "max_new_tokens": 50,
    "use_fullkvcache": true,
    "dataset": "hotpotqa",
    "repetition": 2
  },
  "gpu": {
    "total_devices": 1,
    "device_0": {
      "peak_memory_mb": 10616.5810546875,
      "average_memory_mb": 10205.329842572237,
      "sample_count": 597
    },
    "total_peak_memory_mb": 10616.5810546875
  },
  "system": {
    "peak_cpu_percent": 96.2,
    "average_cpu_percent": 7.401492537313432,
    "peak_memory_percent": 43.8,
    "peak_memory_used_gb": 27.971763610839844,
    "sample_count": 67
  },
  "monitoring_duration": 67.67320704460144
}