{
  "experiment_id": "fullkvcache_hotpotqa_kv512_bs8_rep1_20250617_170924",
  "timestamp": "2025-06-17T17:11:00.253701",
  "performance": {
    "success": true,
    "ttft_ms": 2569.0982341766357,
    "tpot_ms": 1350.3947452623017,
    "throughput_tokens_per_sec": 0.7273844867001733,
    "total_time_sec": 68.7394368648529,
    "tokens_generated": 50,
    "model_name": "C:/Users/JerryGanst/mistral_models/7B-Instruct-v0.3",
    "precision": "fp16",
    "batch_size": 8,
    "kv_cache_length": 512,
    "max_new_tokens": 50,
    "use_fullkvcache": true,
    "dataset": "hotpotqa",
    "repetition": 1
  },
  "gpu": {
    "total_devices": 1,
    "device_0": {
      "peak_memory_mb": 10909.52783203125,
      "average_memory_mb": 10486.39916551211,
      "sample_count": 609
    },
    "total_peak_memory_mb": 10909.52783203125
  },
  "system": {
    "peak_cpu_percent": 12.5,
    "average_cpu_percent": 6.132352941176471,
    "peak_memory_percent": 42.5,
    "peak_memory_used_gb": 27.146312713623047,
    "sample_count": 68
  },
  "monitoring_duration": 68.75541949272156
}