{
  "experiment_id": "fullkvcache_hotpotqa_kv128_bs1_rep0_20250618_164128",
  "timestamp": "2025-06-18T16:47:56.067444",
  "performance": {
    "success": true,
    "ttft_ms": 1809.9918365478516,
    "tpot_ms": 1514.702985684077,
    "throughput_tokens_per_sec": 0.659661827390204,
    "total_time_sec": 365.3387084007263,
    "tokens_generated": 241,
    "model_name": "C:/Users/JerryGanst/mistral_models/7B-Instruct-v0.3",
    "precision": "fp16",
    "batch_size": 1,
    "kv_cache_length": 128,
    "max_new_tokens": 256,
    "use_fullkvcache": true,
    "dataset": "hotpotqa",
    "repetition": 0
  },
  "gpu": {
    "total_devices": 1,
    "device_0": {
      "peak_memory_mb": 10390.63134765625,
      "average_memory_mb": 9989.175311400159,
      "sample_count": 3232
    },
    "total_peak_memory_mb": 10390.63134765625
  },
  "system": {
    "peak_cpu_percent": 33.3,
    "average_cpu_percent": 10.594428969359331,
    "peak_memory_percent": 49.1,
    "peak_memory_used_gb": 31.320880889892578,
    "sample_count": 359
  },
  "monitoring_duration": 365.3791205883026
}