{
  "experiment_id": "fullkvcache_hotpotqa_kv128_bs8_rep1_20250617_170033",
  "timestamp": "2025-06-17T17:01:59.416635",
  "performance": {
    "success": true,
    "ttft_ms": 3131.004810333252,
    "tpot_ms": 1319.3947733665,
    "throughput_tokens_per_sec": 0.7376660534949854,
    "total_time_sec": 67.78134870529175,
    "tokens_generated": 50,
    "model_name": "C:/Users/JerryGanst/mistral_models/7B-Instruct-v0.3",
    "precision": "fp16",
    "batch_size": 8,
    "kv_cache_length": 128,
    "max_new_tokens": 50,
    "use_fullkvcache": true,
    "dataset": "hotpotqa",
    "repetition": 1
  },
  "gpu": {
    "total_devices": 1,
    "device_0": {
      "peak_memory_mb": 10530.48876953125,
      "average_memory_mb": 10093.78165297421,
      "sample_count": 601
    },
    "total_peak_memory_mb": 10530.48876953125
  },
  "system": {
    "peak_cpu_percent": 86.5,
    "average_cpu_percent": 6.902985074626867,
    "peak_memory_percent": 43.6,
    "peak_memory_used_gb": 27.816192626953125,
    "sample_count": 67
  },
  "monitoring_duration": 67.7893271446228
}