{
  "experiment_id": "fullkvcache_hotpotqa_kv1024_bs1_rep0_20250617_164557",
  "timestamp": "2025-06-17T16:47:27.652789",
  "performance": {
    "success": true,
    "ttft_ms": 3114.4840717315674,
    "tpot_ms": 1351.1794635227748,
    "throughput_tokens_per_sec": 0.7212584871603644,
    "total_time_sec": 69.32327437400818,
    "tokens_generated": 50,
    "model_name": "C:/Users/JerryGanst/mistral_models/7B-Instruct-v0.3",
    "precision": "fp16",
    "batch_size": 1,
    "kv_cache_length": 1024,
    "max_new_tokens": 50,
    "use_fullkvcache": true,
    "dataset": "hotpotqa",
    "repetition": 0
  },
  "gpu": {
    "total_devices": 1,
    "device_0": {
      "peak_memory_mb": 10480.5341796875,
      "average_memory_mb": 10075.381519429458,
      "sample_count": 614
    },
    "total_peak_memory_mb": 10480.5341796875
  },
  "system": {
    "peak_cpu_percent": 42.6,
    "average_cpu_percent": 8.665217391304349,
    "peak_memory_percent": 45.9,
    "peak_memory_used_gb": 29.298248291015625,
    "sample_count": 69
  },
  "monitoring_duration": 69.37175559997559
}