{
  "experiment_id": "fullkvcache_hotpotqa_kv128_bs1_rep2_20250617_172241",
  "timestamp": "2025-06-17T17:24:03.720715",
  "performance": {
    "success": true,
    "ttft_ms": 1810.3225231170654,
    "tpot_ms": 1314.9983931560905,
    "throughput_tokens_per_sec": 0.7547711675752674,
    "total_time_sec": 66.2452437877655,
    "tokens_generated": 50,
    "model_name": "C:/Users/JerryGanst/mistral_models/7B-Instruct-v0.3",
    "precision": "fp16",
    "batch_size": 1,
    "kv_cache_length": 128,
    "max_new_tokens": 50,
    "use_fullkvcache": true,
    "dataset": "hotpotqa",
    "repetition": 2
  },
  "gpu": {
    "total_devices": 1,
    "device_0": {
      "peak_memory_mb": 10366.75341796875,
      "average_memory_mb": 9967.316130915939,
      "sample_count": 587
    },
    "total_peak_memory_mb": 10366.75341796875
  },
  "system": {
    "peak_cpu_percent": 14.4,
    "average_cpu_percent": 5.398484848484849,
    "peak_memory_percent": 44.1,
    "peak_memory_used_gb": 28.152381896972656,
    "sample_count": 66
  },
  "monitoring_duration": 66.2845208644867
}