{
  "experiment_id": "fullkvcache_hotpotqa_kv2048_bs4_rep0_20250617_165241",
  "timestamp": "2025-06-17T16:54:32.671496",
  "performance": {
    "success": true,
    "ttft_ms": 7970.731019973755,
    "tpot_ms": 1487.1267250605993,
    "throughput_tokens_per_sec": 0.61849852030899,
    "total_time_sec": 80.84093713760376,
    "tokens_generated": 50,
    "model_name": "C:/Users/JerryGanst/mistral_models/7B-Instruct-v0.3",
    "precision": "fp16",
    "batch_size": 4,
    "kv_cache_length": 2048,
    "max_new_tokens": 50,
    "use_fullkvcache": true,
    "dataset": "hotpotqa",
    "repetition": 0
  },
  "gpu": {
    "total_devices": 1,
    "device_0": {
      "peak_memory_mb": 11820.8154296875,
      "average_memory_mb": 10995.382954830238,
      "sample_count": 717
    },
    "total_peak_memory_mb": 11820.8154296875
  },
  "system": {
    "peak_cpu_percent": 12.3,
    "average_cpu_percent": 5.686249999999999,
    "peak_memory_percent": 45.2,
    "peak_memory_used_gb": 28.836597442626953,
    "sample_count": 80
  },
  "monitoring_duration": 80.89559888839722
}