{
  "experiment_id": "fullkvcache_hotpotqa_kv256_bs4_rep0_20250617_163743",
  "timestamp": "2025-06-17T16:39:14.494450",
  "performance": {
    "success": true,
    "ttft_ms": 2905.651807785034,
    "tpot_ms": 1407.220324691461,
    "throughput_tokens_per_sec": 0.6957930840512732,
    "total_time_sec": 71.86044406890869,
    "tokens_generated": 50,
    "model_name": "C:/Users/JerryGanst/mistral_models/7B-Instruct-v0.3",
    "precision": "fp16",
    "batch_size": 4,
    "kv_cache_length": 256,
    "max_new_tokens": 50,
    "use_fullkvcache": true,
    "dataset": "hotpotqa",
    "repetition": 0
  },
  "gpu": {
    "total_devices": 1,
    "device_0": {
      "peak_memory_mb": 10499.43896484375,
      "average_memory_mb": 10090.271145567602,
      "sample_count": 637
    },
    "total_peak_memory_mb": 10499.43896484375
  },
  "system": {
    "peak_cpu_percent": 22.8,
    "average_cpu_percent": 9.647887323943662,
    "peak_memory_percent": 47.0,
    "peak_memory_used_gb": 29.974838256835938,
    "sample_count": 71
  },
  "monitoring_duration": 71.89931511878967
}