{
  "experiment_id": "fullkvcache_hotpotqa_kv512_bs1_rep0_20250617_192839",
  "timestamp": "2025-06-17T19:29:15.749553",
  "performance": {
    "success": true,
    "ttft_ms": 1573.535680770874,
    "tpot_ms": 1418.3018737369114,
    "throughput_tokens_per_sec": 0.6974350583539897,
    "total_time_sec": 14.338252544403076,
    "tokens_generated": 10,
    "model_name": "C:/Users/JerryGanst/mistral_models/7B-Instruct-v0.3",
    "precision": "fp16",
    "batch_size": 1,
    "kv_cache_length": 512,
    "max_new_tokens": 10,
    "use_fullkvcache": true,
    "dataset": "hotpotqa",
    "repetition": 0
  },
  "gpu": {
    "total_devices": 1,
    "device_0": {
      "peak_memory_mb": 10432.64501953125,
      "average_memory_mb": 10044.094646453857,
      "sample_count": 128
    },
    "total_peak_memory_mb": 10432.64501953125
  },
  "system": {
    "peak_cpu_percent": 17.9,
    "average_cpu_percent": 10.093333333333334,
    "peak_memory_percent": 45.9,
    "peak_memory_used_gb": 29.288837432861328,
    "sample_count": 15
  },
  "monitoring_duration": 14.399284839630127
}