{
  "experiment_id": "fullkvcache_hotpotqa_kv256_bs1_rep0_20250617_163614",
  "timestamp": "2025-06-17T16:37:42.899111",
  "performance": {
    "success": true,
    "ttft_ms": 2582.611083984375,
    "tpot_ms": 1404.0080771154287,
    "throughput_tokens_per_sec": 0.70047629470101,
    "total_time_sec": 71.38000297546387,
    "tokens_generated": 50,
    "model_name": "C:/Users/JerryGanst/mistral_models/7B-Instruct-v0.3",
    "precision": "fp16",
    "batch_size": 1,
    "kv_cache_length": 256,
    "max_new_tokens": 50,
    "use_fullkvcache": true,
    "dataset": "hotpotqa",
    "repetition": 0
  },
  "gpu": {
    "total_devices": 1,
    "device_0": {
      "peak_memory_mb": 10382.75830078125,
      "average_memory_mb": 9982.219897306419,
      "sample_count": 632
    },
    "total_peak_memory_mb": 10382.75830078125
  },
  "system": {
    "peak_cpu_percent": 23.0,
    "average_cpu_percent": 9.161971830985914,
    "peak_memory_percent": 46.6,
    "peak_memory_used_gb": 29.759506225585938,
    "sample_count": 71
  },
  "monitoring_duration": 71.40604162216187
}