{
  "experiment_id": "fullkvcache_hotpotqa_kv128_bs1_rep0_20250617_163301",
  "timestamp": "2025-06-17T16:34:33.742047",
  "performance": {
    "success": true,
    "ttft_ms": 1998.0230331420898,
    "tpot_ms": 1433.9789468414929,
    "throughput_tokens_per_sec": 0.6919171073834992,
    "total_time_sec": 72.26299142837524,
    "tokens_generated": 50,
    "model_name": "C:/Users/JerryGanst/mistral_models/7B-Instruct-v0.3",
    "precision": "fp16",
    "batch_size": 1,
    "kv_cache_length": 128,
    "max_new_tokens": 50,
    "use_fullkvcache": true,
    "dataset": "hotpotqa",
    "repetition": 0
  },
  "gpu": {
    "total_devices": 1,
    "device_0": {
      "peak_memory_mb": 10366.75341796875,
      "average_memory_mb": 9968.135611928383,
      "sample_count": 641
    },
    "total_peak_memory_mb": 10366.75341796875
  },
  "system": {
    "peak_cpu_percent": 18.5,
    "average_cpu_percent": 8.493055555555555,
    "peak_memory_percent": 45.6,
    "peak_memory_used_gb": 29.1285400390625,
    "sample_count": 72
  },
  "monitoring_duration": 72.39066863059998
}