{
  "experiment_id": "fullkvcache_hotpotqa_kv1024_bs8_rep1_20250617_171427",
  "timestamp": "2025-06-17T17:16:15.796207",
  "performance": {
    "success": true,
    "ttft_ms": 7943.169593811035,
    "tpot_ms": 1423.3015021499323,
    "throughput_tokens_per_sec": 0.6436171073230219,
    "total_time_sec": 77.68594002723694,
    "tokens_generated": 50,
    "model_name": "C:/Users/JerryGanst/mistral_models/7B-Instruct-v0.3",
    "precision": "fp16",
    "batch_size": 8,
    "kv_cache_length": 1024,
    "max_new_tokens": 50,
    "use_fullkvcache": true,
    "dataset": "hotpotqa",
    "repetition": 1
  },
  "gpu": {
    "total_devices": 1,
    "device_0": {
      "peak_memory_mb": 11804.8076171875,
      "average_memory_mb": 11011.734905154206,
      "sample_count": 688
    },
    "total_peak_memory_mb": 11804.8076171875
  },
  "system": {
    "peak_cpu_percent": 9.7,
    "average_cpu_percent": 6.024675324675325,
    "peak_memory_percent": 44.7,
    "peak_memory_used_gb": 28.533267974853516,
    "sample_count": 77
  },
  "monitoring_duration": 77.72381258010864
}