{
  "experiment_id": "baseline_mmlu_kv1024_bs1_rep0_173053",
  "success": true,
  "ttft_ms": 5.999565124511719,
  "tpot_ms": 6.167627516246978,
  "throughput_tokens_per_sec": 161.7959241733013,
  "total_time_sec": 0.39556002616882324,
  "tokens_generated": 64,
  "peak_gpu_memory_mb": 384.44140625,
  "model_name": "facebook/opt-125m",
  "precision": "fp16",
  "batch_size": 1,
  "kv_cache_length": 1024,
  "max_new_tokens": 64,
  "use_h2o": false,
  "timestamp": "2025-06-02T17:31:03.691167"
}