{
  "experiment_id": "baseline_mmlu_kv1024_bs4_rep0_173113",
  "success": true,
  "ttft_ms": 5.999565124511719,
  "tpot_ms": 5.732120029510013,
  "throughput_tokens_per_sec": 174.32843451143182,
  "total_time_sec": 0.3671231269836426,
  "tokens_generated": 64,
  "peak_gpu_memory_mb": 791.59765625,
  "model_name": "facebook/opt-125m",
  "precision": "fp16",
  "batch_size": 4,
  "kv_cache_length": 1024,
  "max_new_tokens": 64,
  "use_h2o": false,
  "timestamp": "2025-06-02T17:31:23.245735"
}