{
  "experiment_id": "baseline_mmlu_kv256_bs2_rep1_173132",
  "success": true,
  "ttft_ms": 6.507635116577148,
  "tpot_ms": 6.523495628720238,
  "throughput_tokens_per_sec": 153.29787084589944,
  "total_time_sec": 0.41748785972595215,
  "tokens_generated": 64,
  "peak_gpu_memory_mb": 317.36767578125,
  "model_name": "facebook/opt-125m",
  "precision": "fp16",
  "batch_size": 2,
  "kv_cache_length": 256,
  "max_new_tokens": 64,
  "use_h2o": false,
  "timestamp": "2025-06-02T17:31:41.135111"
}