{
  "experiment_id": "baseline_mmlu_kv512_bs1_rep0_173026",
  "success": true,
  "ttft_ms": 6.999731063842773,
  "tpot_ms": 5.193789800008138,
  "throughput_tokens_per_sec": 190.92585814603046,
  "total_time_sec": 0.3352086544036865,
  "tokens_generated": 64,
  "peak_gpu_memory_mb": 316.60205078125,
  "model_name": "facebook/opt-125m",
  "precision": "fp16",
  "batch_size": 1,
  "kv_cache_length": 512,
  "max_new_tokens": 64,
  "use_h2o": false,
  "timestamp": "2025-06-02T17:30:36.166583"
}