{
  "experiment_id": "baseline_mmlu_kv256_bs4_rep0_173015",
  "success": true,
  "ttft_ms": 5.999565124511719,
  "tpot_ms": 4.923657765464177,
  "throughput_tokens_per_sec": 202.40994060460096,
  "total_time_sec": 0.3161900043487549,
  "tokens_generated": 64,
  "peak_gpu_memory_mb": 384.40478515625,
  "model_name": "facebook/opt-125m",
  "precision": "fp16",
  "batch_size": 4,
  "kv_cache_length": 256,
  "max_new_tokens": 64,
  "use_h2o": false,
  "timestamp": "2025-06-02T17:30:26.484709"
}