{
  "experiment_id": "baseline_mmlu_kv256_bs1_rep0_172950",
  "success": true,
  "ttft_ms": 6.000041961669922,
  "tpot_ms": 4.595892769949777,
  "throughput_tokens_per_sec": 215.82194950562075,
  "total_time_sec": 0.2965407371520996,
  "tokens_generated": 64,
  "peak_gpu_memory_mb": 281.33056640625,
  "model_name": "facebook/opt-125m",
  "precision": "fp16",
  "batch_size": 1,
  "kv_cache_length": 256,
  "max_new_tokens": 64,
  "use_h2o": false,
  "timestamp": "2025-06-02T17:30:03.548290"
}