{
  "experiment_id": "baseline_mmlu_kv512_bs4_rep0_173044",
  "success": true,
  "ttft_ms": 5.554676055908203,
  "tpot_ms": 4.8474319397457055,
  "throughput_tokens_per_sec": 205.16596529148214,
  "total_time_sec": 0.31194257736206055,
  "tokens_generated": 64,
  "peak_gpu_memory_mb": 520.24267578125,
  "model_name": "facebook/opt-125m",
  "precision": "fp16",
  "batch_size": 4,
  "kv_cache_length": 512,
  "max_new_tokens": 64,
  "use_h2o": false,
  "timestamp": "2025-06-02T17:30:53.833733"
}