{
  "experiment_id": "baseline_mmlu_kv256_bs1_rep0_172826",
  "success": true,
  "ttft_ms": 6.000041961669922,
  "tpot_ms": 6.870954267440304,
  "throughput_tokens_per_sec": 146.1189721637666,
  "total_time_sec": 0.21899962425231934,
  "tokens_generated": 32,
  "peak_gpu_memory_mb": 281.33056640625,
  "model_name": "facebook/opt-125m",
  "precision": "fp16",
  "batch_size": 1,
  "kv_cache_length": 256,
  "max_new_tokens": 32,
  "use_h2o": false,
  "timestamp": "2025-06-02T17:28:40.081637"
}