{
  "experiment_id": "baseline_mmlu_kv256_bs2_rep0_173003",
  "success": true,
  "ttft_ms": 7.00068473815918,
  "tpot_ms": 5.432038080124627,
  "throughput_tokens_per_sec": 182.7429165838396,
  "total_time_sec": 0.3502187728881836,
  "tokens_generated": 64,
  "peak_gpu_memory_mb": 315.75830078125,
  "model_name": "facebook/opt-125m",
  "precision": "fp16",
  "batch_size": 2,
  "kv_cache_length": 256,
  "max_new_tokens": 64,
  "use_h2o": false,
  "timestamp": "2025-06-02T17:30:15.949157"
}