{
  "experiment_id": "baseline_mmlu_kv512_bs2_rep1_173200",
  "success": true,
  "ttft_ms": 7.000207901000977,
  "tpot_ms": 4.422869001116071,
  "throughput_tokens_per_sec": 224.05750606185808,
  "total_time_sec": 0.2856409549713135,
  "tokens_generated": 64,
  "peak_gpu_memory_mb": 384.48291015625,
  "model_name": "facebook/opt-125m",
  "precision": "fp16",
  "batch_size": 2,
  "kv_cache_length": 512,
  "max_new_tokens": 64,
  "use_h2o": false,
  "timestamp": "2025-06-02T17:32:09.339934"
}