{
  "experiment_id": "baseline_mmlu_kv512_bs2_rep0_173036",
  "success": true,
  "ttft_ms": 5.000591278076172,
  "tpot_ms": 4.324023685758076,
  "throughput_tokens_per_sec": 229.87348865727597,
  "total_time_sec": 0.2784140110015869,
  "tokens_generated": 64,
  "peak_gpu_memory_mb": 384.48291015625,
  "model_name": "facebook/opt-125m",
  "precision": "fp16",
  "batch_size": 2,
  "kv_cache_length": 512,
  "max_new_tokens": 64,
  "use_h2o": false,
  "timestamp": "2025-06-02T17:30:44.987325"
}