{
  "experiment_id": "baseline_mmlu_kv512_bs4_rep1_173209",
  "success": true,
  "ttft_ms": 3.9997100830078125,
  "tpot_ms": 5.036603836786179,
  "throughput_tokens_per_sec": 199.18722164591208,
  "total_time_sec": 0.3213057518005371,
  "tokens_generated": 64,
  "peak_gpu_memory_mb": 520.24267578125,
  "model_name": "facebook/opt-125m",
  "precision": "fp16",
  "batch_size": 4,
  "kv_cache_length": 512,
  "max_new_tokens": 64,
  "use_h2o": false,
  "timestamp": "2025-06-02T17:32:18.820454"
}