{
  "experiment_id": "baseline_mmlu_kv512_bs1_rep1_173150",
  "success": true,
  "ttft_ms": 12.000322341918945,
  "tpot_ms": 4.496222450619652,
  "throughput_tokens_per_sec": 215.65411207069693,
  "total_time_sec": 0.2967715263366699,
  "tokens_generated": 64,
  "peak_gpu_memory_mb": 316.60205078125,
  "model_name": "facebook/opt-125m",
  "precision": "fp16",
  "batch_size": 1,
  "kv_cache_length": 512,
  "max_new_tokens": 64,
  "use_h2o": false,
  "timestamp": "2025-06-02T17:32:00.043245"
}