{
  "experiment_id": "baseline_mmlu_kv1024_bs2_rep0_173103",
  "success": true,
  "ttft_ms": 5.000114440917969,
  "tpot_ms": 4.707707299126519,
  "throughput_tokens_per_sec": 211.51022781622473,
  "total_time_sec": 0.3025858402252197,
  "tokens_generated": 64,
  "peak_gpu_memory_mb": 520.16015625,
  "model_name": "facebook/opt-125m",
  "precision": "fp16",
  "batch_size": 2,
  "kv_cache_length": 1024,
  "max_new_tokens": 64,
  "use_h2o": false,
  "timestamp": "2025-06-02T17:31:13.132425"
}