{
  "experiment_id": "baseline_mmlu_kv256_bs1_rep0_172129",
  "success": true,
  "ttft_ms": 5.000114440917969,
  "tpot_ms": 6.436617143692509,
  "throughput_tokens_per_sec": 155.69147463967752,
  "total_time_sec": 0.2055346965789795,
  "tokens_generated": 32,
  "peak_gpu_memory_mb": 281.33056640625,
  "model_name": "facebook/opt-125m",
  "precision": "fp16",
  "batch_size": 1,
  "kv_cache_length": 256,
  "max_new_tokens": 32,
  "use_h2o": false,
  "timestamp": "2025-06-02T17:21:43.242523"
}