{
  "experiment_id": "fullkvcache_hotpotqa_kv2048_bs4_rep1_20250617_171745",
  "timestamp": "2025-06-17T17:19:30.496393",
  "performance": {
    "success": true,
    "ttft_ms": 7895.544528961182,
    "tpot_ms": 1368.8130086782026,
    "throughput_tokens_per_sec": 0.6669478669565274,
    "total_time_sec": 74.96837830543518,
    "tokens_generated": 50,
    "model_name": "C:/Users/JerryGanst/mistral_models/7B-Instruct-v0.3",
    "precision": "fp16",
    "batch_size": 4,
    "kv_cache_length": 2048,
    "max_new_tokens": 50,
    "use_fullkvcache": true,
    "dataset": "hotpotqa",
    "repetition": 1
  },
  "gpu": {
    "total_devices": 1,
    "device_0": {
      "peak_memory_mb": 11820.8154296875,
      "average_memory_mb": 10995.577918673638,
      "sample_count": 665
    },
    "total_peak_memory_mb": 11820.8154296875
  },
  "system": {
    "peak_cpu_percent": 13.1,
    "average_cpu_percent": 5.652702702702703,
    "peak_memory_percent": 42.5,
    "peak_memory_used_gb": 27.132843017578125,
    "sample_count": 74
  },
  "monitoring_duration": 74.99531149864197
}