{
  "experiment_id": "fullkvcache_hotpotqa_kv512_bs1_rep1_20250617_170624",
  "timestamp": "2025-06-17T17:07:53.328802",
  "performance": {
    "success": true,
    "ttft_ms": 4279.374361038208,
    "tpot_ms": 1323.3263443927376,
    "throughput_tokens_per_sec": 0.7233548769502318,
    "total_time_sec": 69.12236523628235,
    "tokens_generated": 50,
    "model_name": "C:/Users/JerryGanst/mistral_models/7B-Instruct-v0.3",
    "precision": "fp16",
    "batch_size": 1,
    "kv_cache_length": 512,
    "max_new_tokens": 50,
    "use_fullkvcache": true,
    "dataset": "hotpotqa",
    "repetition": 1
  },
  "gpu": {
    "total_devices": 1,
    "device_0": {
      "peak_memory_mb": 10432.52001953125,
      "average_memory_mb": 10029.528035614312,
      "sample_count": 614
    },
    "total_peak_memory_mb": 10432.52001953125
  },
  "system": {
    "peak_cpu_percent": 15.2,
    "average_cpu_percent": 5.861764705882354,
    "peak_memory_percent": 44.0,
    "peak_memory_used_gb": 28.06153106689453,
    "sample_count": 68
  },
  "monitoring_duration": 69.14927554130554
}