{
  "experiment_id": "fullkvcache_hotpotqa_kv512_bs4_rep2_20250617_173251",
  "timestamp": "2025-06-17T17:34:21.903665",
  "performance": {
    "success": true,
    "ttft_ms": 3512.5417709350586,
    "tpot_ms": 1321.9070969795694,
    "throughput_tokens_per_sec": 0.7322039358649947,
    "total_time_sec": 68.2869861125946,
    "tokens_generated": 50,
    "model_name": "C:/Users/JerryGanst/mistral_models/7B-Instruct-v0.3",
    "precision": "fp16",
    "batch_size": 4,
    "kv_cache_length": 512,
    "max_new_tokens": 50,
    "use_fullkvcache": true,
    "dataset": "hotpotqa",
    "repetition": 2
  },
  "gpu": {
    "total_devices": 1,
    "device_0": {
      "peak_memory_mb": 10633.11865234375,
      "average_memory_mb": 10217.861397533574,
      "sample_count": 605
    },
    "total_peak_memory_mb": 10633.11865234375
  },
  "system": {
    "peak_cpu_percent": 13.9,
    "average_cpu_percent": 5.99264705882353,
    "peak_memory_percent": 44.3,
    "peak_memory_used_gb": 28.289649963378906,
    "sample_count": 68
  },
  "monitoring_duration": 68.3124885559082
}