{
  "experiment_id": "fullkvcache_hotpotqa_kv256_bs1_rep1_20250617_170200",
  "timestamp": "2025-06-17T17:03:24.171711",
  "performance": {
    "success": true,
    "ttft_ms": 2813.128709793091,
    "tpot_ms": 1309.6780387722715,
    "throughput_tokens_per_sec": 0.7464095542239535,
    "total_time_sec": 66.9873526096344,
    "tokens_generated": 50,
    "model_name": "C:/Users/JerryGanst/mistral_models/7B-Instruct-v0.3",
    "precision": "fp16",
    "batch_size": 1,
    "kv_cache_length": 256,
    "max_new_tokens": 50,
    "use_fullkvcache": true,
    "dataset": "hotpotqa",
    "repetition": 1
  },
  "gpu": {
    "total_devices": 1,
    "device_0": {
      "peak_memory_mb": 10382.75830078125,
      "average_memory_mb": 9973.148894596901,
      "sample_count": 595
    },
    "total_peak_memory_mb": 10382.75830078125
  },
  "system": {
    "peak_cpu_percent": 14.5,
    "average_cpu_percent": 5.987878787878788,
    "peak_memory_percent": 44.2,
    "peak_memory_used_gb": 28.242374420166016,
    "sample_count": 66
  },
  "monitoring_duration": 66.9943540096283
}