{
  "experiment_id": "fullkvcache_hotpotqa_kv2048_bs1_rep1_20250617_171616",
  "timestamp": "2025-06-17T17:17:44.560747",
  "performance": {
    "success": true,
    "ttft_ms": 1979.9208641052246,
    "tpot_ms": 1319.3441994336185,
    "throughput_tokens_per_sec": 0.7504152094939244,
    "total_time_sec": 66.62977957725525,
    "tokens_generated": 50,
    "model_name": "C:/Users/JerryGanst/mistral_models/7B-Instruct-v0.3",
    "precision": "fp16",
    "batch_size": 1,
    "kv_cache_length": 2048,
    "max_new_tokens": 50,
    "use_fullkvcache": true,
    "dataset": "hotpotqa",
    "repetition": 1
  },
  "gpu": {
    "total_devices": 1,
    "device_0": {
      "peak_memory_mb": 10616.5810546875,
      "average_memory_mb": 10205.592553669629,
      "sample_count": 591
    },
    "total_peak_memory_mb": 10616.5810546875
  },
  "system": {
    "peak_cpu_percent": 11.9,
    "average_cpu_percent": 6.25,
    "peak_memory_percent": 43.4,
    "peak_memory_used_gb": 27.683307647705078,
    "sample_count": 66
  },
  "monitoring_duration": 66.66875529289246
}