{
  "experiment_id": "fullkvcache_hotpotqa_kv1024_bs1_rep2_20250617_173558",
  "timestamp": "2025-06-17T17:37:23.256279",
  "performance": {
    "success": true,
    "ttft_ms": 1933.9616298675537,
    "tpot_ms": 1312.4277056479941,
    "throughput_tokens_per_sec": 0.7547976538299024,
    "total_time_sec": 66.24291920661926,
    "tokens_generated": 50,
    "model_name": "C:/Users/JerryGanst/mistral_models/7B-Instruct-v0.3",
    "precision": "fp16",
    "batch_size": 1,
    "kv_cache_length": 1024,
    "max_new_tokens": 50,
    "use_fullkvcache": true,
    "dataset": "hotpotqa",
    "repetition": 2
  },
  "gpu": {
    "total_devices": 1,
    "device_0": {
      "peak_memory_mb": 10480.5341796875,
      "average_memory_mb": 10074.644646041845,
      "sample_count": 587
    },
    "total_peak_memory_mb": 10480.5341796875
  },
  "system": {
    "peak_cpu_percent": 11.4,
    "average_cpu_percent": 5.606060606060606,
    "peak_memory_percent": 44.1,
    "peak_memory_used_gb": 28.15182113647461,
    "sample_count": 66
  },
  "monitoring_duration": 66.3017566204071
}