{
  "experiment_id": "fullkvcache_hotpotqa_kv128_bs1_rep1_20250617_165743",
  "timestamp": "2025-06-17T16:59:05.631148",
  "performance": {
    "success": true,
    "ttft_ms": 1445.0280666351318,
    "tpot_ms": 1313.456661847173,
    "throughput_tokens_per_sec": 0.7598217717028309,
    "total_time_sec": 65.80490565299988,
    "tokens_generated": 50,
    "model_name": "C:/Users/JerryGanst/mistral_models/7B-Instruct-v0.3",
    "precision": "fp16",
    "batch_size": 1,
    "kv_cache_length": 128,
    "max_new_tokens": 50,
    "use_fullkvcache": true,
    "dataset": "hotpotqa",
    "repetition": 1
  },
  "gpu": {
    "total_devices": 1,
    "device_0": {
      "peak_memory_mb": 10366.75341796875,
      "average_memory_mb": 9966.1203721974,
      "sample_count": 584
    },
    "total_peak_memory_mb": 10366.75341796875
  },
  "system": {
    "peak_cpu_percent": 11.2,
    "average_cpu_percent": 5.779999999999999,
    "peak_memory_percent": 43.3,
    "peak_memory_used_gb": 27.614856719970703,
    "sample_count": 65
  },
  "monitoring_duration": 65.85005521774292
}