{
  "experiment_id": "fullkvcache_hotpotqa_kv256_bs1_rep2_20250617_172701",
  "timestamp": "2025-06-17T17:28:25.659142",
  "performance": {
    "success": true,
    "ttft_ms": 2952.800750732422,
    "tpot_ms": 1312.002537201862,
    "throughput_tokens_per_sec": 0.7435837433839583,
    "total_time_sec": 67.24192190170288,
    "tokens_generated": 50,
    "model_name": "C:/Users/JerryGanst/mistral_models/7B-Instruct-v0.3",
    "precision": "fp16",
    "batch_size": 1,
    "kv_cache_length": 256,
    "max_new_tokens": 50,
    "use_fullkvcache": true,
    "dataset": "hotpotqa",
    "repetition": 2
  },
  "gpu": {
    "total_devices": 1,
    "device_0": {
      "peak_memory_mb": 10382.75830078125,
      "average_memory_mb": 9979.379534625366,
      "sample_count": 596
    },
    "total_peak_memory_mb": 10382.75830078125
  },
  "system": {
    "peak_cpu_percent": 9.4,
    "average_cpu_percent": 5.7567164179104475,
    "peak_memory_percent": 44.6,
    "peak_memory_used_gb": 28.471111297607422,
    "sample_count": 67
  },
  "monitoring_duration": 67.2908091545105
}