{
  "experiment_id": "fullkvcache_hotpotqa_kv1024_bs1_rep1_20250617_171100",
  "timestamp": "2025-06-17T17:12:26.954144",
  "performance": {
    "success": true,
    "ttft_ms": 2188.504934310913,
    "tpot_ms": 1321.7497212546211,
    "throughput_tokens_per_sec": 0.7467675658247839,
    "total_time_sec": 66.955237865448,
    "tokens_generated": 50,
    "model_name": "C:/Users/JerryGanst/mistral_models/7B-Instruct-v0.3",
    "precision": "fp16",
    "batch_size": 1,
    "kv_cache_length": 1024,
    "max_new_tokens": 50,
    "use_fullkvcache": true,
    "dataset": "hotpotqa",
    "repetition": 1
  },
  "gpu": {
    "total_devices": 1,
    "device_0": {
      "peak_memory_mb": 10480.5341796875,
      "average_memory_mb": 10077.826975229624,
      "sample_count": 592
    },
    "total_peak_memory_mb": 10480.5341796875
  },
  "system": {
    "peak_cpu_percent": 44.0,
    "average_cpu_percent": 6.490909090909091,
    "peak_memory_percent": 44.5,
    "peak_memory_used_gb": 28.398563385009766,
    "sample_count": 66
  },
  "monitoring_duration": 66.9747633934021
}