{
  "experiment_id": "fullkvcache_hotpotqa_kv128_bs8_rep0_20250618_165440",
  "timestamp": "2025-06-18T17:04:02.207585",
  "performance": {
    "success": true,
    "ttft_ms": 1685.4181289672852,
    "tpot_ms": 2112.2660795847573,
    "throughput_tokens_per_sec": 0.47379833659206333,
    "total_time_sec": 540.3142650127411,
    "tokens_generated": 256,
    "model_name": "C:/Users/JerryGanst/mistral_models/7B-Instruct-v0.3",
    "precision": "fp16",
    "batch_size": 8,
    "kv_cache_length": 128,
    "max_new_tokens": 256,
    "use_fullkvcache": true,
    "dataset": "hotpotqa",
    "repetition": 0
  },
  "gpu": {
    "total_devices": 1,
    "device_0": {
      "peak_memory_mb": 10728.90380859375,
      "average_memory_mb": 10347.419953936964,
      "sample_count": 4782
    },
    "total_peak_memory_mb": 10728.90380859375
  },
  "system": {
    "peak_cpu_percent": 23.9,
    "average_cpu_percent": 8.209586466165414,
    "peak_memory_percent": 47.1,
    "peak_memory_used_gb": 30.064449310302734,
    "sample_count": 532
  },
  "monitoring_duration": 540.3670892715454
}