{
  "experiment_id": "fullkvcache_hotpotqa_kv512_bs4_rep1_20250617_170753",
  "timestamp": "2025-06-17T17:09:23.451350",
  "performance": {
    "success": true,
    "ttft_ms": 2813.0240440368652,
    "tpot_ms": 1317.6707832180723,
    "throughput_tokens_per_sec": 0.7420611807709133,
    "total_time_sec": 67.37988901138306,
    "tokens_generated": 50,
    "model_name": "C:/Users/JerryGanst/mistral_models/7B-Instruct-v0.3",
    "precision": "fp16",
    "batch_size": 4,
    "kv_cache_length": 512,
    "max_new_tokens": 50,
    "use_fullkvcache": true,
    "dataset": "hotpotqa",
    "repetition": 1
  },
  "gpu": {
    "total_devices": 1,
    "device_0": {
      "peak_memory_mb": 10633.11865234375,
      "average_memory_mb": 10222.168796456239,
      "sample_count": 597
    },
    "total_peak_memory_mb": 10633.11865234375
  },
  "system": {
    "peak_cpu_percent": 12.0,
    "average_cpu_percent": 5.741791044776119,
    "peak_memory_percent": 43.9,
    "peak_memory_used_gb": 28.02391815185547,
    "sample_count": 67
  },
  "monitoring_duration": 67.41088604927063
}