{
  "experiment_id": "fullkvcache_hotpotqa_kv1024_bs4_rep0_20250617_164728",
  "timestamp": "2025-06-17T16:49:02.739519",
  "performance": {
    "success": true,
    "ttft_ms": 2616.02520942688,
    "tpot_ms": 1320.1112601221826,
    "throughput_tokens_per_sec": 0.7429147454218531,
    "total_time_sec": 67.30247354507446,
    "tokens_generated": 50,
    "model_name": "C:/Users/JerryGanst/mistral_models/7B-Instruct-v0.3",
    "precision": "fp16",
    "batch_size": 4,
    "kv_cache_length": 1024,
    "max_new_tokens": 50,
    "use_fullkvcache": true,
    "dataset": "hotpotqa",
    "repetition": 0
  },
  "gpu": {
    "total_devices": 1,
    "device_0": {
      "peak_memory_mb": 10888.6513671875,
      "average_memory_mb": 10472.732362888004,
      "sample_count": 596
    },
    "total_peak_memory_mb": 10888.6513671875
  },
  "system": {
    "peak_cpu_percent": 13.1,
    "average_cpu_percent": 5.798507462686567,
    "peak_memory_percent": 45.6,
    "peak_memory_used_gb": 29.121849060058594,
    "sample_count": 67
  },
  "monitoring_duration": 67.32310581207275
}