{
  "experiment_id": "fullkvcache_hotpotqa_kv128_bs1_rep0_20250616_010220",
  "timestamp": "2025-06-16T01:03:52.602027",
  "performance": {
    "success": true,
    "ttft_ms": 1895.7359790802002,
    "tpot_ms": 1360.4498736712399,
    "throughput_tokens_per_sec": 0.7293037899094352,
    "total_time_sec": 68.55853581428528,
    "tokens_generated": 50,
    "model_name": "C:/Users/JerryGanst/mistral_models/7B-Instruct-v0.3",
    "precision": "fp16",
    "batch_size": 1,
    "kv_cache_length": 128,
    "max_new_tokens": 50,
    "use_fullkvcache": true,
    "dataset": "hotpotqa",
    "repetition": 0
  },
  "gpu": {
    "total_devices": 1,
    "device_0": {
      "peak_memory_mb": 10366.75341796875,
      "average_memory_mb": 9965.177213969984,
      "sample_count": 608
    },
    "total_peak_memory_mb": 10366.75341796875
  },
  "system": {
    "peak_cpu_percent": 66.9,
    "average_cpu_percent": 9.523529411764706,
    "peak_memory_percent": 36.6,
    "peak_memory_used_gb": 23.37575912475586,
    "sample_count": 68
  },
  "monitoring_duration": 68.59896349906921
}